"Region","Year","AgeLow","AgeUp","Sex","Deaths","Qx","Maternal","HIV","TB","OtherCMPN","Cardiovascular","Digestive","Neoplasms","OtherNCD","InterpVio","SelfHarm","Drowning","RTI","OtherInj","NatDis","CollectVio"
"World",2000,15,19,"F",334080,6.03634,0.05402,0.0151,0.10625,0.1613,0.07737,0.06262,0.06413,0.15407,0.02723,0.11072,0.02013,0.05896,0.07711,0.00096,0.01002
"World",2001,15,19,"F",330134,5.8467,0.05369,0.01704,0.10566,0.15337,0.07728,0.06258,0.06582,0.15775,0.0278,0.11312,0.02038,0.05974,0.0775,0.00284,0.00543
"World",2002,15,19,"F",327296,5.66779,0.05341,0.0189,0.10473,0.14577,0.07639,0.06247,0.06697,0.16114,0.02859,0.11499,0.02063,0.06111,0.07808,0.00089,0.00595
"World",2003,15,19,"F",327063,5.54253,0.05277,0.02098,0.10237,0.13898,0.07536,0.06173,0.06733,0.16277,0.02818,0.11624,0.02059,0.06113,0.07794,0.00404,0.00959
"World",2004,15,19,"F",330163,5.50482,0.05124,0.02253,0.09772,0.13237,0.07287,0.06006,0.06719,0.16068,0.02784,0.11493,0.02026,0.0604,0.07699,0.02624,0.00868
"World",2005,15,19,"F",317633,5.25126,0.05233,0.02431,0.0968,0.13313,0.07407,0.0611,0.06859,0.16579,0.02903,0.11854,0.02083,0.06336,0.0793,0.00568,0.00716
"World",2006,15,19,"F",313013,5.17297,0.05233,0.02495,0.09293,0.13162,0.07449,0.06118,0.06861,0.16727,0.02954,0.11963,0.02053,0.06403,0.07934,0.00185,0.0117
"World",2007,15,19,"F",305648,5.08825,0.05277,0.02562,0.09092,0.12871,0.07432,0.06101,0.06892,0.16887,0.03022,0.12145,0.02008,0.06545,0.08011,0.00143,0.01014
"World",2008,15,19,"F",304348,5.12691,0.0521,0.02555,0.085,0.12527,0.07188,0.05935,0.06581,0.1646,0.03049,0.1201,0.01845,0.06229,0.07761,0.03366,0.00784
"World",2009,15,19,"F",290372,4.94752,0.05377,0.02638,0.08419,0.12725,0.07422,0.05975,0.06942,0.17143,0.03328,0.12517,0.01913,0.06645,0.08031,0.00075,0.00852
"World",2010,15,19,"F",289469,4.97024,0.05253,0.02636,0.08029,0.12113,0.07239,0.05767,0.06857,0.16867,0.03425,0.12343,0.01892,0.06621,0.07861,0.02562,0.00535
"World",2011,15,19,"F",276107,4.76547,0.05359,0.02743,0.08036,0.12099,0.07323,0.05818,0.07106,0.17435,0.03688,0.12836,0.01959,0.06796,0.07964,0.00137,0.007
"World",2012,15,19,"F",270959,4.68439,0.05279,0.02776,0.07806,0.1184,0.07278,0.05732,0.0711,0.17667,0.03796,0.12936,0.01926,0.06825,0.07927,0.00047,0.01057
"World",2013,15,19,"F",266571,4.60478,0.05217,0.02698,0.07559,0.11789,0.07184,0.0561,0.07211,0.1785,0.03853,0.12973,0.01922,0.06745,0.07881,0.00106,0.01402
"World",2014,15,19,"F",264113,4.55456,0.05136,0.0259,0.07336,0.11696,0.07096,0.0548,0.07227,0.18002,0.03892,0.12963,0.0189,0.06722,0.07724,0.00052,0.02193
"World",2015,15,19,"F",259561,4.46991,0.05083,0.02579,0.07088,0.11546,0.07044,0.05423,0.07271,0.18283,0.03972,0.1311,0.019,0.06705,0.07652,0.0015,0.02195
"World",2016,15,19,"F",255574,4.39321,0.05017,0.02568,0.06848,0.11555,0.07031,0.05345,0.07337,0.18618,0.04023,0.13165,0.01876,0.06742,0.07557,0.00077,0.02241
"World",2017,15,19,"F",251485,4.3135,0.04999,0.0256,0.06706,0.11442,0.07002,0.05299,0.07377,0.18877,0.04191,0.13296,0.01858,0.06736,0.07512,0.00119,0.02028
"World",2018,15,19,"F",246985,4.2243,0.05004,0.02502,0.06501,0.11593,0.07002,0.05317,0.07464,0.19173,0.0423,0.13359,0.01862,0.06782,0.07545,0.00138,0.01529
"World",2019,15,19,"F",243225,4.14354,0.05,0.02446,0.06319,0.11701,0.0697,0.05319,0.07523,0.19367,0.04291,0.13422,0.01863,0.06808,0.07554,0.00053,0.01363
"World",2000,15,19,"M",426860,7.35049,0,0.00713,0.09551,0.11927,0.05952,0.04302,0.06205,0.10978,0.10885,0.07431,0.05376,0.15691,0.09422,0.00139,0.01428
"World",2001,15,19,"M",423178,7.13897,0,0.00892,0.09642,0.11502,0.05968,0.04355,0.06249,0.11129,0.11068,0.07505,0.05389,0.1575,0.09363,0.00383,0.00807
"World",2002,15,19,"M",420374,6.93062,0,0.01088,0.09698,0.11008,0.05995,0.04397,0.06269,0.11201,0.11087,0.07525,0.0542,0.15864,0.09357,0.00142,0.0095
"World",2003,15,19,"M",422676,6.81322,0,0.01294,0.09523,0.10662,0.05968,0.04393,0.06273,0.11213,0.10878,0.07503,0.05338,0.15651,0.09323,0.00524,0.01458
"World",2004,15,19,"M",427916,6.77767,0,0.0149,0.09113,0.10297,0.05844,0.04316,0.06143,0.11011,0.10483,0.07441,0.05223,0.15303,0.0911,0.02924,0.01304
"World",2005,15,19,"M",413651,6.48668,0,0.01685,0.09152,0.10523,0.06036,0.04431,0.06263,0.11388,0.10829,0.07544,0.05308,0.15608,0.09324,0.00732,0.01178
"World",2006,15,19,"M",410872,6.43222,0,0.01771,0.08916,0.10566,0.06119,0.04439,0.06171,0.11455,0.10921,0.07512,0.05204,0.1564,0.09232,0.00239,0.01815
"World",2007,15,19,"M",403975,6.35971,0,0.01827,0.08899,0.10495,0.0613,0.04501,0.0614,0.11538,0.11044,0.075,0.05112,0.15661,0.09332,0.00225,0.01598
"World",2008,15,19,"M",406598,6.46321,0,0.01818,0.08488,0.10382,0.05986,0.04402,0.05866,0.11267,0.1112,0.07357,0.0484,0.14747,0.08848,0.03656,0.01223
"World",2009,15,19,"M",388945,6.24092,0,0.01896,0.08631,0.10809,0.06223,0.04554,0.06118,0.1166,0.11855,0.07665,0.04994,0.15115,0.09058,0.00128,0.01294
"World",2010,15,19,"M",390460,6.30167,0,0.01901,0.08386,0.10637,0.06069,0.04489,0.05956,0.11461,0.11926,0.07524,0.04801,0.1458,0.08835,0.0257,0.00864
"World",2011,15,19,"M",376613,6.10001,0,0.02005,0.08459,0.10868,0.06212,0.04594,0.06035,0.11723,0.12322,0.07809,0.04827,0.14854,0.08891,0.00139,0.01262
"World",2012,15,19,"M",377329,6.11646,0,0.02086,0.0825,0.10619,0.06134,0.04537,0.05958,0.11509,0.12158,0.0774,0.04729,0.14467,0.08771,0.00087,0.02955
"World",2013,15,19,"M",376492,6.09375,0,0.02131,0.08092,0.10549,0.06083,0.04503,0.05879,0.11384,0.12031,0.07683,0.04665,0.14126,0.087,0.00159,0.04015
"World",2014,15,19,"M",377108,6.08954,0,0.02128,0.07934,0.10444,0.06014,0.04443,0.05873,0.11287,0.11915,0.07644,0.04578,0.13925,0.08505,0.00072,0.05238
"World",2015,15,19,"M",371088,5.97822,0,0.02113,0.07708,0.10677,0.06051,0.04535,0.05966,0.11469,0.12002,0.07783,0.04601,0.13833,0.08563,0.00158,0.04541
"World",2016,15,19,"M",367525,5.9068,0,0.02105,0.07553,0.10778,0.06021,0.04554,0.05979,0.11663,0.12167,0.07886,0.04596,0.1374,0.08537,0.00112,0.0431
"World",2017,15,19,"M",362686,5.81237,0,0.02088,0.07464,0.10887,0.06031,0.04608,0.06009,0.118,0.1235,0.08129,0.04561,0.13616,0.08647,0.001,0.03711
"World",2018,15,19,"M",356435,5.69166,0,0.02073,0.0732,0.11406,0.06119,0.04687,0.06143,0.12026,0.12274,0.08205,0.04614,0.13818,0.08725,0.00156,0.02434
"World",2019,15,19,"M",351881,5.59286,0,0.02033,0.0718,0.11719,0.06163,0.04736,0.06205,0.12148,0.12249,0.08314,0.04615,0.13856,0.08785,0.00066,0.01931
"East Asia and Pacific",2000,15,19,"F",55884,3.30406,0.03687,0.00395,0.0532,0.05875,0.07633,0.03605,0.13149,0.20022,0.02688,0.13304,0.04154,0.1108,0.08685,0.003,0.00103
"East Asia and Pacific",2001,15,19,"F",55479,3.18412,0.03637,0.00395,0.05163,0.0582,0.07579,0.03592,0.13208,0.20161,0.02719,0.13405,0.04147,0.11134,0.08711,0.00264,0.00066
"East Asia and Pacific",2002,15,19,"F",55457,3.05854,0.0361,0.00384,0.04997,0.05795,0.07449,0.03496,0.13354,0.20302,0.0276,0.1345,0.04169,0.11217,0.08654,0.00254,0.00109
"East Asia and Pacific",2003,15,19,"F",55328,2.9304,0.03546,0.00373,0.04905,0.05741,0.07309,0.03406,0.13419,0.20383,0.02799,0.13589,0.04215,0.11283,0.08681,0.00247,0.00104
"East Asia and Pacific",2004,15,19,"F",60629,3.12407,0.03167,0.00303,0.04298,0.05151,0.06479,0.02989,0.12148,0.18308,0.02541,0.12196,0.03811,0.10095,0.07724,0.1076,0.00029
"East Asia and Pacific",2005,15,19,"F",52553,2.68886,0.03499,0.00348,0.04665,0.05377,0.07453,0.03365,0.13247,0.20849,0.02889,0.1339,0.04328,0.11604,0.0871,0.002,0.00076
"East Asia and Pacific",2006,15,19,"F",49772,2.5803,0.03462,0.00337,0.04465,0.05066,0.07803,0.03375,0.13026,0.20975,0.02883,0.13152,0.04168,0.11938,0.08381,0.009,0.00069
"East Asia and Pacific",2007,15,19,"F",46409,2.49007,0.03558,0.0035,0.04466,0.0491,0.08041,0.03463,0.12949,0.21382,0.02947,0.13291,0.0389,0.12167,0.08251,0.00254,0.00079
"East Asia and Pacific",2008,15,19,"F",49561,2.79057,0.03002,0.00327,0.03776,0.04086,0.06624,0.02882,0.0984,0.17542,0.02524,0.10757,0.02685,0.09241,0.06284,0.2041,0.0002
"East Asia and Pacific",2009,15,19,"F",39878,2.3574,0.03581,0.00424,0.04652,0.04958,0.08416,0.03406,0.12479,0.21744,0.03133,0.13255,0.03405,0.1246,0.078,0.00241,0.00045
"East Asia and Pacific",2010,15,19,"F",37331,2.29383,0.03704,0.00445,0.04739,0.04837,0.08549,0.03387,0.12258,0.21883,0.03198,0.12937,0.03493,0.12579,0.07529,0.00419,0.00044
"East Asia and Pacific",2011,15,19,"F",35352,2.23681,0.03715,0.00448,0.04888,0.04717,0.08411,0.03448,0.12368,0.21961,0.03383,0.12768,0.03697,0.12032,0.0745,0.00621,0.00092
"East Asia and Pacific",2012,15,19,"F",33560,2.16397,0.03777,0.00461,0.04818,0.04731,0.08477,0.03493,0.12343,0.22387,0.0358,0.12983,0.03606,0.11525,0.0765,0.00067,0.00103
"East Asia and Pacific",2013,15,19,"F",32141,2.09548,0.03737,0.00458,0.04765,0.04697,0.08297,0.03485,0.1268,0.2248,0.03739,0.12856,0.03639,0.1113,0.07848,0.00119,0.0007
"East Asia and Pacific",2014,15,19,"F",30931,2.03494,0.03682,0.00457,0.04513,0.04742,0.08328,0.03375,0.12745,0.22794,0.03771,0.12741,0.03602,0.11076,0.08032,0.00093,0.00047
"East Asia and Pacific",2015,15,19,"F",29814,1.98314,0.03623,0.00446,0.04338,0.04692,0.08316,0.03298,0.12948,0.22955,0.038,0.13063,0.0362,0.10902,0.07848,0.00072,0.00078
"East Asia and Pacific",2016,15,19,"F",28776,1.93731,0.03601,0.00432,0.04133,0.04684,0.0842,0.03251,0.12901,0.23446,0.03857,0.1321,0.03601,0.10496,0.07718,0.00208,0.00042
"East Asia and Pacific",2017,15,19,"F",27768,1.89185,0.0358,0.0042,0.04035,0.04532,0.08433,0.03198,0.12897,0.239,0.03967,0.1326,0.03496,0.10036,0.07483,0.00368,0.00397
"East Asia and Pacific",2018,15,19,"F",26840,1.84897,0.03584,0.00415,0.0395,0.04568,0.08425,0.0319,0.12958,0.24164,0.04004,0.13333,0.03454,0.09587,0.07489,0.0083,0.00047
"East Asia and Pacific",2019,15,19,"F",25911,1.80108,0.03636,0.00408,0.03946,0.04537,0.08378,0.03232,0.13163,0.24532,0.04097,0.13622,0.03492,0.09258,0.07505,0.00113,0.00079
"East Asia and Pacific",2000,15,19,"M",86482,4.86532,0,0.00192,0.07608,0.07638,0.05827,0.03231,0.08806,0.10748,0.08567,0.07276,0.08189,0.20328,0.11022,0.00338,0.0023
"East Asia and Pacific",2001,15,19,"M",85628,4.67303,0,0.00196,0.07476,0.07542,0.05812,0.03256,0.08855,0.10815,0.08753,0.07269,0.08222,0.20203,0.11118,0.00308,0.00174
"East Asia and Pacific",2002,15,19,"M",85515,4.4791,0,0.00203,0.07208,0.07477,0.05836,0.03263,0.08957,0.10901,0.08702,0.07285,0.08197,0.20294,0.11143,0.00292,0.00242
"East Asia and Pacific",2003,15,19,"M",85474,4.29215,0,0.00215,0.06976,0.07359,0.058,0.03283,0.09009,0.10876,0.08699,0.07372,0.08266,0.20378,0.11257,0.00275,0.00235
"East Asia and Pacific",2004,15,19,"M",92719,4.51887,0,0.00204,0.06045,0.06703,0.05252,0.02928,0.08212,0.09904,0.07852,0.06672,0.07549,0.1846,0.10159,0.09939,0.0012
"East Asia and Pacific",2005,15,19,"M",82464,3.97886,0,0.00246,0.06709,0.07351,0.06019,0.03221,0.08814,0.11241,0.08881,0.07222,0.0811,0.20386,0.11171,0.00334,0.00296
"East Asia and Pacific",2006,15,19,"M",79012,3.85236,0,0.0026,0.06671,0.07295,0.06128,0.03187,0.08524,0.11606,0.08893,0.07036,0.07812,0.20485,0.11077,0.00859,0.00168
"East Asia and Pacific",2007,15,19,"M",74774,3.75961,0,0.00294,0.06894,0.07083,0.0632,0.03227,0.08302,0.1175,0.0935,0.06959,0.07537,0.20792,0.10964,0.00395,0.00134
"East Asia and Pacific",2008,15,19,"M",81217,4.2646,0,0.00294,0.0623,0.05889,0.05332,0.028,0.06599,0.10001,0.08216,0.05764,0.05964,0.16161,0.08746,0.17945,0.00059
"East Asia and Pacific",2009,15,19,"M",66513,3.64923,0,0.00397,0.07534,0.0682,0.06616,0.03358,0.08198,0.12001,0.09888,0.07078,0.07179,0.19975,0.10471,0.00393,0.00091
"East Asia and Pacific",2010,15,19,"M",63192,3.58763,0,0.00461,0.07686,0.06772,0.06569,0.03453,0.08075,0.12066,0.10206,0.07045,0.07047,0.19917,0.10293,0.00328,0.00082
"East Asia and Pacific",2011,15,19,"M",60638,3.52942,0,0.0051,0.07628,0.06785,0.06808,0.03527,0.07854,0.12056,0.10286,0.07331,0.0701,0.19565,0.10057,0.00437,0.00146
"East Asia and Pacific",2012,15,19,"M",58139,3.43872,0,0.00555,0.07621,0.06516,0.06945,0.03592,0.07893,0.12346,0.10347,0.07517,0.07019,0.191,0.10188,0.00162,0.002
"East Asia and Pacific",2013,15,19,"M",56187,3.35344,0,0.00578,0.0758,0.06219,0.0716,0.0365,0.07892,0.12488,0.10298,0.07765,0.07127,0.18684,0.1024,0.00201,0.00118
"East Asia and Pacific",2014,15,19,"M",54531,3.27862,0,0.0056,0.07201,0.06164,0.07373,0.03719,0.0817,0.12757,0.10199,0.07864,0.07185,0.18344,0.10258,0.00114,0.00093
"East Asia and Pacific",2015,15,19,"M",53043,3.21717,0,0.00533,0.06784,0.06204,0.07437,0.03823,0.08293,0.13028,0.10364,0.0801,0.07296,0.17984,0.1006,0.00056,0.00128
"East Asia and Pacific",2016,15,19,"M",51608,3.16153,0,0.0051,0.06532,0.06045,0.07347,0.03856,0.08416,0.13508,0.10474,0.08238,0.07284,0.17464,0.09881,0.00372,0.00072
"East Asia and Pacific",2017,15,19,"M",50160,3.10256,0,0.00485,0.06492,0.05851,0.07355,0.03949,0.0864,0.13985,0.10484,0.08649,0.07181,0.16714,0.09818,0.00117,0.0028
"East Asia and Pacific",2018,15,19,"M",48752,3.0419,0,0.00494,0.06278,0.05877,0.07343,0.03965,0.08709,0.14287,0.1045,0.08824,0.07056,0.16147,0.09758,0.00725,0.00086
"East Asia and Pacific",2019,15,19,"M",47296,2.97077,0,0.005,0.06163,0.06054,0.07412,0.04052,0.08825,0.14573,0.10541,0.09102,0.06967,0.15736,0.09821,0.00136,0.0012
"Eastern and Southern Africa",2000,15,19,"F",58292,14.88597,0.05363,0.06243,0.09271,0.34319,0.08314,0.05521,0.02695,0.08287,0.01629,0.06,0.00788,0.03026,0.04538,0.00053,0.03953
"Eastern and Southern Africa",2001,15,19,"F",56387,14.04569,0.05529,0.07257,0.10041,0.32002,0.08476,0.05908,0.02912,0.08957,0.01755,0.06458,0.00847,0.03123,0.04829,0.00012,0.01895
"Eastern and Southern Africa",2002,15,19,"F",54894,13.34154,0.05623,0.08296,0.10211,0.2978,0.08495,0.06209,0.03085,0.09509,0.01857,0.06807,0.00894,0.0319,0.05036,0.00018,0.00989
"Eastern and Southern Africa",2003,15,19,"F",54258,12.87182,0.05636,0.09285,0.10265,0.27275,0.08376,0.0643,0.03213,0.09932,0.01938,0.0709,0.0093,0.03232,0.05198,0.00017,0.01182
"Eastern and Southern Africa",2004,15,19,"F",53482,12.39099,0.05629,0.10175,0.10351,0.25018,0.08239,0.06609,0.03322,0.10254,0.02024,0.07315,0.0096,0.03342,0.05371,0.00045,0.01345
"Eastern and Southern Africa",2005,15,19,"F",52047,11.78118,0.0568,0.10665,0.10537,0.23757,0.08197,0.06846,0.03463,0.10671,0.02132,0.07621,0.01001,0.03507,0.05612,0.00018,0.00292
"Eastern and Southern Africa",2006,15,19,"F",51044,11.31736,0.05642,0.10845,0.1025,0.22678,0.08067,0.06947,0.0358,0.1099,0.02211,0.07857,0.01032,0.03654,0.05805,0.00066,0.00374
"Eastern and Southern Africa",2007,15,19,"F",50086,10.87512,0.05607,0.10845,0.10607,0.21095,0.07972,0.07029,0.03731,0.11381,0.02295,0.08146,0.01067,0.03798,0.06021,0.0003,0.00376
"Eastern and Southern Africa",2008,15,19,"F",49283,10.47105,0.05567,0.10542,0.09866,0.20794,0.07889,0.0706,0.03895,0.11877,0.02371,0.08425,0.01103,0.039,0.06215,0.00026,0.00469
"Eastern and Southern Africa",2009,15,19,"F",48798,10.12583,0.05486,0.10306,0.09875,0.19502,0.07781,0.07005,0.04062,0.12367,0.02451,0.0871,0.01136,0.03995,0.06383,0.00018,0.00922
"Eastern and Southern Africa",2010,15,19,"F",48155,9.74552,0.05433,0.10339,0.09415,0.18659,0.07726,0.06977,0.04272,0.13016,0.02566,0.09058,0.01178,0.041,0.06573,0.00053,0.00635
"Eastern and Southern Africa",2011,15,19,"F",47701,9.42921,0.05348,0.10104,0.09183,0.17802,0.07636,0.06876,0.04463,0.13621,0.02696,0.09381,0.01214,0.04198,0.06719,0.00028,0.0073
"Eastern and Southern Africa",2012,15,19,"F",47608,9.17585,0.05249,0.10023,0.09261,0.16532,0.07536,0.0676,0.04653,0.14212,0.02828,0.09683,0.01248,0.04254,0.06821,0.00018,0.00922
"Eastern and Southern Africa",2013,15,19,"F",47556,8.92952,0.05155,0.09475,0.092,0.16009,0.07454,0.06622,0.04827,0.14756,0.02971,0.09969,0.01278,0.04301,0.06883,0.00036,0.01063
"Eastern and Southern Africa",2014,15,19,"F",47577,8.70104,0.05062,0.08821,0.09094,0.15668,0.07375,0.06489,0.04995,0.15288,0.03107,0.10223,0.01307,0.04349,0.06927,0.00015,0.01281
"Eastern and Southern Africa",2015,15,19,"F",47372,8.44217,0.05002,0.08656,0.08431,0.15713,0.07337,0.06397,0.0517,0.15782,0.03252,0.10504,0.01337,0.04408,0.06979,0.00018,0.01017
"Eastern and Southern Africa",2016,15,19,"F",47231,8.21344,0.0493,0.08493,0.08204,0.15221,0.07264,0.06281,0.05294,0.16138,0.0338,0.10687,0.01356,0.04477,0.06991,0.00039,0.01243
"Eastern and Southern Africa",2017,15,19,"F",47106,7.9927,0.04885,0.08531,0.08155,0.14473,0.07214,0.06221,0.05413,0.16504,0.03495,0.10894,0.01377,0.04564,0.07032,0.00024,0.01219
"Eastern and Southern Africa",2018,15,19,"F",46648,7.72474,0.04867,0.08504,0.07757,0.14402,0.07195,0.06206,0.05538,0.16845,0.03609,0.11089,0.01399,0.0466,0.071,0.00034,0.00796
"Eastern and Southern Africa",2019,15,19,"F",46396,7.49778,0.04849,0.08425,0.07404,0.14437,0.07159,0.06199,0.05624,0.17097,0.03695,0.11234,0.01414,0.0474,0.07154,0.00081,0.00488
"Eastern and Southern Africa",2000,15,19,"M",73887,18.87017,0,0.0281,0.10403,0.25674,0.05491,0.04819,0.04484,0.09205,0.04636,0.06453,0.03637,0.10049,0.07538,0.00076,0.04725
"Eastern and Southern Africa",2001,15,19,"M",72206,17.99273,0,0.03711,0.11374,0.23956,0.05704,0.05016,0.04675,0.09584,0.0482,0.06713,0.03792,0.10461,0.0785,0.00018,0.02326
"Eastern and Southern Africa",2002,15,19,"M",70976,17.25675,0,0.04716,0.11597,0.22257,0.05813,0.05121,0.0477,0.09793,0.0493,0.06864,0.03873,0.10686,0.08016,0.00025,0.0154
"Eastern and Southern Africa",2003,15,19,"M",70841,16.79932,0,0.05681,0.11508,0.20644,0.05877,0.05169,0.04811,0.09888,0.04967,0.06926,0.03914,0.1079,0.08098,0.00025,0.01702
"Eastern and Southern Africa",2004,15,19,"M",70443,16.30162,0,0.06665,0.1147,0.19005,0.05937,0.05205,0.0485,0.09965,0.04999,0.06979,0.03935,0.10875,0.08159,0.00057,0.01899
"Eastern and Southern Africa",2005,15,19,"M",69184,15.62836,0,0.0731,0.11573,0.18266,0.0609,0.05319,0.04958,0.10189,0.05097,0.07135,0.04024,0.11109,0.08344,0.00025,0.00561
"Eastern and Southern Africa",2006,15,19,"M",68288,15.12565,0,0.0758,0.11152,0.17793,0.06146,0.05357,0.04998,0.10261,0.0513,0.0719,0.04054,0.11191,0.08413,0.00089,0.00645
"Eastern and Southern Africa",2007,15,19,"M",67436,14.63255,0,0.07602,0.11432,0.16957,0.06211,0.05402,0.05043,0.10347,0.05182,0.07259,0.04091,0.11287,0.0849,0.00041,0.00656
"Eastern and Southern Africa",2008,15,19,"M",66732,14.1704,0,0.07403,0.1064,0.17399,0.06255,0.05432,0.05068,0.10406,0.05222,0.07293,0.04119,0.11364,0.08539,0.00036,0.00823
"Eastern and Southern Africa",2009,15,19,"M",66424,13.77089,0,0.07251,0.1053,0.17064,0.06265,0.05443,0.05079,0.1042,0.05256,0.07313,0.04125,0.11381,0.08562,0.00025,0.01287
"Eastern and Southern Africa",2010,15,19,"M",65911,13.31265,0,0.0729,0.1001,0.17222,0.06323,0.05487,0.05126,0.10529,0.05329,0.07388,0.04158,0.11487,0.08645,0.00064,0.00944
"Eastern and Southern Africa",2011,15,19,"M",65609,12.93186,0,0.07273,0.09749,0.17106,0.06341,0.05496,0.05141,0.10541,0.05356,0.07398,0.04179,0.11514,0.08672,0.00037,0.01197
"Eastern and Southern Africa",2012,15,19,"M",65803,12.6373,0,0.07387,0.09806,0.16806,0.06369,0.05493,0.05139,0.10536,0.05366,0.07398,0.04169,0.11513,0.08666,0.00024,0.01327
"Eastern and Southern Africa",2013,15,19,"M",66153,12.36849,0,0.07391,0.09936,0.16654,0.06381,0.05467,0.05117,0.10497,0.05352,0.07375,0.04155,0.11465,0.08636,0.00052,0.01521
"Eastern and Southern Africa",2014,15,19,"M",66732,12.14206,0,0.07208,0.1015,0.16615,0.06396,0.05449,0.05103,0.10464,0.05334,0.07359,0.04143,0.11435,0.08614,0.0002,0.0171
"Eastern and Southern Africa",2015,15,19,"M",67171,11.89601,0,0.07,0.09162,0.17893,0.06438,0.05462,0.05115,0.10492,0.05335,0.0737,0.04155,0.11461,0.08636,0.00023,0.01457
"Eastern and Southern Africa",2016,15,19,"M",67746,11.69992,0,0.06942,0.08975,0.17715,0.06432,0.05467,0.05121,0.10504,0.05331,0.07383,0.04155,0.11485,0.08652,0.00048,0.01791
"Eastern and Southern Africa",2017,15,19,"M",68383,11.51272,0,0.06926,0.08802,0.17383,0.06445,0.05517,0.05172,0.10603,0.05364,0.07456,0.04202,0.1159,0.0873,0.00031,0.0178
"Eastern and Southern Africa",2018,15,19,"M",68552,11.25325,0,0.06841,0.08275,0.17691,0.06493,0.05592,0.05237,0.10751,0.05427,0.07552,0.04255,0.11747,0.08855,0.0004,0.01246
"Eastern and Southern Africa",2019,15,19,"M",68913,11.02761,0,0.0666,0.07834,0.17969,0.06525,0.05663,0.05308,0.10889,0.05491,0.07657,0.04311,0.11902,0.0897,0.00101,0.00721
"Eastern Europe and central Asia",2000,15,19,"F",11255,3.28608,0.02916,0.0021,0.01782,0.08515,0.07638,0.02632,0.12384,0.18883,0.08939,0.07823,0.02846,0.16568,0.07576,0.00047,0.0124
"Eastern Europe and central Asia",2001,15,19,"F",10952,3.16469,0.02671,0.00289,0.01756,0.08337,0.07688,0.02559,0.12826,0.19045,0.08537,0.07988,0.02982,0.1726,0.07668,0.00064,0.00331
"Eastern Europe and central Asia",2002,15,19,"F",10433,2.98232,0.02495,0.0028,0.01728,0.07922,0.07649,0.02557,0.13038,0.19346,0.08134,0.0808,0.0286,0.17528,0.07796,0.00112,0.00476
"Eastern Europe and central Asia",2003,15,19,"F",9973,2.82804,0.02356,0.00379,0.01787,0.07586,0.07668,0.02499,0.13371,0.19563,0.07611,0.08328,0.02815,0.18113,0.07628,0.00081,0.00214
"Eastern Europe and central Asia",2004,15,19,"F",9663,2.74047,0.02278,0.00666,0.0172,0.07366,0.07456,0.02411,0.13372,0.19478,0.07201,0.08339,0.02686,0.18579,0.07674,0.00091,0.00682
"Eastern Europe and central Asia",2005,15,19,"F",9361,2.6838,0.02137,0.00807,0.01761,0.06979,0.07214,0.02432,0.13836,0.19705,0.068,0.08526,0.02658,0.19164,0.07572,0.00042,0.00367
"Eastern Europe and central Asia",2006,15,19,"F",8957,2.62066,0.02054,0.00786,0.01763,0.06763,0.07078,0.02391,0.14053,0.19769,0.06448,0.08752,0.02699,0.19316,0.07919,0.00036,0.00172
"Eastern Europe and central Asia",2007,15,19,"F",8411,2.53556,0.02018,0.00857,0.01723,0.06585,0.07095,0.02273,0.14207,0.19854,0.06209,0.08864,0.0249,0.19899,0.07646,0.00034,0.00246
"Eastern Europe and central Asia",2008,15,19,"F",7778,2.43834,0.01974,0.00691,0.01775,0.06467,0.07119,0.02226,0.14435,0.20018,0.05823,0.0921,0.02377,0.19526,0.0769,0.00057,0.00611
"Eastern Europe and central Asia",2009,15,19,"F",7122,2.32315,0.0194,0.00413,0.01776,0.0636,0.07087,0.0231,0.15082,0.20727,0.05709,0.09292,0.02229,0.19397,0.07331,0.00047,0.003
"Eastern Europe and central Asia",2010,15,19,"F",6587,2.23208,0.02022,0.00355,0.01893,0.06205,0.07161,0.02267,0.15401,0.21157,0.05429,0.09759,0.02337,0.18404,0.07151,0.00097,0.00361
"Eastern Europe and central Asia",2011,15,19,"F",6150,2.17169,0.02035,0.00346,0.01949,0.06261,0.06997,0.0235,0.1525,0.21341,0.05382,0.09906,0.02175,0.18118,0.07077,0.0037,0.00442
"Eastern Europe and central Asia",2012,15,19,"F",5822,2.1296,0.01981,0.00393,0.01865,0.06344,0.0715,0.02362,0.15513,0.21717,0.05154,0.10257,0.02135,0.17685,0.0678,0.00051,0.00612
"Eastern Europe and central Asia",2013,15,19,"F",5534,2.09288,0.01933,0.00428,0.0182,0.06064,0.07134,0.02426,0.15797,0.22356,0.05157,0.10622,0.02174,0.17421,0.06499,0.00024,0.00146
"Eastern Europe and central Asia",2014,15,19,"F",5349,2.07817,0.0198,0.00438,0.01838,0.05993,0.07074,0.02222,0.15545,0.22743,0.04982,0.10712,0.02063,0.16673,0.06116,0.00057,0.01565
"Eastern Europe and central Asia",2015,15,19,"F",5061,2.0099,0.01939,0.00422,0.01881,0.05876,0.07062,0.02326,0.1565,0.22978,0.04965,0.1103,0.01897,0.16589,0.06287,0.00021,0.01077
"Eastern Europe and central Asia",2016,15,19,"F",4929,1.9875,0.01911,0.0044,0.01821,0.06159,0.07174,0.02283,0.16121,0.23521,0.05066,0.114,0.02085,0.15981,0.05853,0.00033,0.00152
"Eastern Europe and central Asia",2017,15,19,"F",4645,1.89143,0.01919,0.0048,0.01784,0.0603,0.07115,0.0214,0.16089,0.23788,0.04868,0.11416,0.01928,0.16022,0.05857,0.00043,0.00524
"Eastern Europe and central Asia",2018,15,19,"F",4490,1.83213,0.01861,0.00494,0.01756,0.05914,0.07032,0.02224,0.16094,0.23681,0.04812,0.11492,0.01854,0.1604,0.05857,0.00037,0.00853
"Eastern Europe and central Asia",2019,15,19,"F",4374,1.77643,0.01853,0.0054,0.01694,0.05886,0.07056,0.02219,0.16275,0.23871,0.04703,0.11692,0.01904,0.16133,0.05828,0.00017,0.0033
"Eastern Europe and central Asia",2000,15,19,"M",26489,7.48984,0,0.00111,0.01116,0.05884,0.04785,0.01459,0.07158,0.10055,0.1541,0.08202,0.07662,0.24889,0.11931,0.00074,0.01264
"Eastern Europe and central Asia",2001,15,19,"M",25498,7.12871,0,0.00115,0.01166,0.0577,0.04752,0.01469,0.07442,0.10425,0.14959,0.08414,0.07594,0.25727,0.11767,0.00068,0.00331
"Eastern Europe and central Asia",2002,15,19,"M",23948,6.61836,0,0.00118,0.01227,0.05671,0.04806,0.01516,0.07842,0.10433,0.14027,0.08733,0.07701,0.25488,0.11822,0.0014,0.00475
"Eastern Europe and central Asia",2003,15,19,"M",22580,6.18882,0,0.00211,0.01257,0.05587,0.04817,0.01473,0.07867,0.10834,0.13319,0.08871,0.07729,0.25803,0.11927,0.00091,0.00212
"Eastern Europe and central Asia",2004,15,19,"M",21635,5.92772,0,0.00353,0.01244,0.05457,0.04782,0.0152,0.07903,0.10842,0.12838,0.08938,0.07656,0.25769,0.11781,0.00105,0.00813
"Eastern Europe and central Asia",2005,15,19,"M",20737,5.74133,0,0.00484,0.01251,0.05435,0.04697,0.01497,0.08052,0.11115,0.12671,0.08853,0.07745,0.26207,0.11569,0.00071,0.00354
"Eastern Europe and central Asia",2006,15,19,"M",19609,5.53616,0,0.00484,0.01259,0.05365,0.04716,0.01459,0.08202,0.11141,0.12191,0.09065,0.07814,0.26477,0.11602,0.00054,0.00169
"Eastern Europe and central Asia",2007,15,19,"M",18168,5.28145,0,0.00405,0.01294,0.05229,0.04732,0.01495,0.08362,0.11305,0.11706,0.09257,0.07745,0.26736,0.11431,0.0006,0.00244
"Eastern Europe and central Asia",2008,15,19,"M",16562,4.99231,0,0.00308,0.01358,0.05086,0.04779,0.01458,0.08553,0.11619,0.11058,0.09447,0.07681,0.26553,0.11409,0.00051,0.00641
"Eastern Europe and central Asia",2009,15,19,"M",14913,4.67022,0,0.0018,0.01389,0.05159,0.04903,0.0144,0.08991,0.12087,0.10457,0.098,0.07579,0.26505,0.11133,0.00067,0.0031
"Eastern Europe and central Asia",2010,15,19,"M",13567,4.40125,0,0.00113,0.01404,0.05081,0.04994,0.01427,0.09312,0.12575,0.09921,0.10241,0.07658,0.25871,0.10907,0.00096,0.00399
"Eastern Europe and central Asia",2011,15,19,"M",12461,4.20175,0,0.00097,0.01429,0.05127,0.04889,0.01455,0.09563,0.12814,0.09478,0.10591,0.07357,0.25716,0.10717,0.0029,0.00478
"Eastern Europe and central Asia",2012,15,19,"M",11595,4.05332,0,0.00117,0.01386,0.04948,0.05009,0.01432,0.09899,0.12978,0.09204,0.11131,0.07318,0.25241,0.10634,0.00055,0.00648
"Eastern Europe and central Asia",2013,15,19,"M",10871,3.92003,0,0.0013,0.01412,0.05004,0.05253,0.01441,0.09983,0.13515,0.08883,0.11632,0.0706,0.24878,0.106,0.00044,0.00165
"Eastern Europe and central Asia",2014,15,19,"M",10393,3.84929,0,0.00178,0.01385,0.04863,0.05066,0.01385,0.1006,0.13472,0.08418,0.11919,0.06999,0.24337,0.0993,0.00051,0.01938
"Eastern Europe and central Asia",2015,15,19,"M",9722,3.67585,0,0.00146,0.01383,0.04788,0.05116,0.01359,0.10485,0.14108,0.08055,0.12449,0.0678,0.24002,0.09785,0.00069,0.01475
"Eastern Europe and central Asia",2016,15,19,"M",9369,3.60064,0,0.00154,0.01351,0.04877,0.05349,0.01342,0.10789,0.14441,0.07982,0.12944,0.06466,0.23727,0.09728,0.00014,0.00836
"Eastern Europe and central Asia",2017,15,19,"M",8827,3.41771,0,0.00163,0.01343,0.04706,0.05209,0.01309,0.11079,0.14825,0.07465,0.13004,0.06318,0.23891,0.09618,0.00031,0.01039
"Eastern Europe and central Asia",2018,15,19,"M",8544,3.31004,0,0.00173,0.01293,0.04688,0.053,0.01284,0.11113,0.14909,0.07097,0.13296,0.06203,0.23935,0.09377,0.00036,0.01296
"Eastern Europe and central Asia",2019,15,19,"M",8353,3.21709,0,0.00199,0.01247,0.04617,0.05351,0.01276,0.11301,0.151,0.06779,0.13697,0.06069,0.24282,0.09374,0.00016,0.00693
"Latin America and Caribbean",2000,15,19,"F",15684,3.03476,0.06499,0.01119,0.02246,0.12821,0.06861,0.03524,0.09318,0.19494,0.09635,0.08103,0.02102,0.10733,0.07292,0.00226,0.00029
"Latin America and Caribbean",2001,15,19,"F",15521,2.98292,0.06288,0.0112,0.0226,0.12459,0.06958,0.0348,0.09761,0.18953,0.09862,0.08966,0.01989,0.10792,0.06693,0.00393,0.00026
"Latin America and Caribbean",2002,15,19,"F",15308,2.92652,0.0645,0.01148,0.01841,0.1196,0.06363,0.03565,0.0984,0.19595,0.10479,0.08766,0.02041,0.11185,0.06529,0.00221,0.00017
"Latin America and Caribbean",2003,15,19,"F",15017,2.86061,0.06768,0.01297,0.01931,0.11589,0.06807,0.0366,0.09738,0.20212,0.09456,0.09058,0.01854,0.11181,0.06171,0.00258,0.00019
"Latin America and Caribbean",2004,15,19,"F",14878,2.82534,0.06278,0.01375,0.01747,0.11066,0.06565,0.03503,0.10428,0.19813,0.08888,0.08361,0.01885,0.11935,0.06588,0.01506,0.00061
"Latin America and Caribbean",2005,15,19,"F",14429,2.73127,0.06461,0.01412,0.01502,0.11132,0.0633,0.03549,0.1064,0.19631,0.09115,0.08922,0.0177,0.12457,0.0665,0.00339,0.0009
"Latin America and Caribbean",2006,15,19,"F",14315,2.698,0.06294,0.01241,0.0175,0.10817,0.06722,0.03556,0.10766,0.20531,0.09131,0.0885,0.01726,0.12465,0.05922,0.00141,0.00087
"Latin America and Caribbean",2007,15,19,"F",14358,2.69474,0.06024,0.01234,0.01517,0.10607,0.06274,0.03354,0.1065,0.20801,0.08801,0.08657,0.01718,0.13204,0.06771,0.00381,0.00006
"Latin America and Caribbean",2008,15,19,"F",14532,2.71579,0.06181,0.0134,0.01496,0.10203,0.06027,0.03653,0.10498,0.20763,0.08874,0.08818,0.01677,0.13931,0.06243,0.00286,0.00009
"Latin America and Caribbean",2009,15,19,"F",14744,2.74341,0.06362,0.01366,0.01358,0.10692,0.06141,0.03304,0.10657,0.2104,0.09985,0.0833,0.01476,0.13034,0.06039,0.00201,0.00016
"Latin America and Caribbean",2010,15,19,"F",21926,4.0644,0.04009,0.00888,0.00991,0.06514,0.04177,0.02267,0.07221,0.14073,0.07428,0.05543,0.01064,0.09224,0.0415,0.32446,0.00005
"Latin America and Caribbean",2011,15,19,"F",14859,2.74903,0.06146,0.01367,0.01419,0.08868,0.05724,0.03278,0.1083,0.20677,0.11546,0.09385,0.01574,0.1338,0.05381,0.00418,0.00007
"Latin America and Caribbean",2012,15,19,"F",14718,2.72108,0.05644,0.01214,0.01377,0.08781,0.06014,0.036,0.10431,0.21474,0.11725,0.09046,0.01399,0.13769,0.05396,0.0013,0
"Latin America and Caribbean",2013,15,19,"F",14508,2.68218,0.05872,0.01343,0.01285,0.09154,0.06132,0.03196,0.10638,0.2165,0.11371,0.08728,0.01268,0.13277,0.05955,0.0013,0.00002
"Latin America and Caribbean",2014,15,19,"F",14290,2.6449,0.0628,0.01135,0.01246,0.08393,0.06167,0.03438,0.10966,0.22039,0.11241,0.08972,0.01289,0.13516,0.05185,0.00132,0
"Latin America and Caribbean",2015,15,19,"F",14121,2.61989,0.06199,0.01282,0.01428,0.08504,0.05997,0.03735,0.10769,0.21879,0.11135,0.09358,0.01487,0.12769,0.0534,0.00116,0
"Latin America and Caribbean",2016,15,19,"F",13987,2.60289,0.05902,0.01237,0.01356,0.08829,0.06097,0.03508,0.10942,0.23156,0.10406,0.09072,0.01224,0.12909,0.0494,0.00419,0.00002
"Latin America and Caribbean",2017,15,19,"F",13853,2.58829,0.05929,0.01124,0.01321,0.08414,0.05953,0.03387,0.1084,0.22598,0.11968,0.0979,0.01151,0.12659,0.04575,0.0029,0.00001
"Latin America and Caribbean",2018,15,19,"F",13672,2.56853,0.05966,0.01146,0.0134,0.0836,0.05975,0.03547,0.10921,0.22684,0.11204,0.0958,0.01292,0.12691,0.04965,0.00328,0
"Latin America and Caribbean",2019,15,19,"F",13427,2.53997,0.05948,0.01119,0.01346,0.08327,0.05974,0.03545,0.10964,0.22765,0.11159,0.09609,0.01285,0.1272,0.04984,0.00257,0
"Latin America and Caribbean",2000,15,19,"M",40660,7.7163,0,0.00514,0.01173,0.0608,0.0363,0.01528,0.05837,0.08866,0.37282,0.05263,0.05545,0.13623,0.10406,0.00201,0.00053
"Latin America and Caribbean",2001,15,19,"M",40843,7.69656,0,0.00499,0.00995,0.0586,0.03555,0.01649,0.05893,0.08759,0.38151,0.05604,0.05409,0.13616,0.09632,0.0035,0.00028
"Latin America and Caribbean",2002,15,19,"M",40755,7.64225,0,0.00509,0.00956,0.05681,0.03314,0.0159,0.05525,0.08851,0.3881,0.05428,0.05633,0.14181,0.09214,0.00275,0.00034
"Latin America and Caribbean",2003,15,19,"M",40282,7.5305,0,0.00512,0.00952,0.05715,0.03487,0.01554,0.05944,0.09332,0.37987,0.05642,0.05228,0.13993,0.09349,0.0023,0.00076
"Latin America and Caribbean",2004,15,19,"M",39861,7.42501,0,0.0053,0.00924,0.0558,0.03498,0.01734,0.05749,0.09342,0.36324,0.06035,0.05239,0.14601,0.09385,0.00949,0.00109
"Latin America and Caribbean",2005,15,19,"M",39168,7.26422,0,0.00563,0.0081,0.05642,0.03471,0.01667,0.06065,0.09247,0.3655,0.05819,0.05346,0.14888,0.0949,0.0027,0.00174
"Latin America and Caribbean",2006,15,19,"M",39188,7.2239,0,0.00561,0.00753,0.05628,0.03983,0.01533,0.05865,0.0924,0.36224,0.059,0.05215,0.16191,0.08557,0.00229,0.00121
"Latin America and Caribbean",2007,15,19,"M",39726,7.26961,0,0.00606,0.00713,0.05466,0.03634,0.01699,0.06083,0.09396,0.34797,0.05875,0.04911,0.16718,0.09729,0.00317,0.00055
"Latin America and Caribbean",2008,15,19,"M",40635,7.37572,0,0.00564,0.00675,0.05089,0.0372,0.0153,0.05764,0.09267,0.36181,0.05965,0.0488,0.17345,0.08667,0.00294,0.00059
"Latin America and Caribbean",2009,15,19,"M",41630,7.49758,0,0.00567,0.00623,0.05137,0.0361,0.01507,0.05816,0.09279,0.38161,0.05759,0.04777,0.16524,0.08083,0.00148,0.00008
"Latin America and Caribbean",2010,15,19,"M",51564,9.22288,0,0.00377,0.00516,0.04052,0.02715,0.01224,0.04493,0.07749,0.32316,0.0473,0.03452,0.13216,0.06605,0.18548,0.00006
"Latin America and Caribbean",2011,15,19,"M",42748,7.63312,0,0.00477,0.00568,0.04664,0.03279,0.01449,0.05465,0.09572,0.39752,0.06107,0.04031,0.17044,0.07353,0.00234,0.00006
"Latin America and Caribbean",2012,15,19,"M",42803,7.63871,0,0.00475,0.00557,0.04515,0.03438,0.0144,0.05563,0.09004,0.39719,0.06128,0.0399,0.17484,0.07514,0.00172,0.00001
"Latin America and Caribbean",2013,15,19,"M",42684,7.62519,0,0.00501,0.00593,0.04692,0.03358,0.01444,0.0556,0.08825,0.40008,0.05885,0.03815,0.17406,0.07749,0.00162,0.00002
"Latin America and Caribbean",2014,15,19,"M",42547,7.61122,0,0.00558,0.00549,0.04631,0.03445,0.01327,0.05666,0.08961,0.40773,0.05721,0.03731,0.17559,0.06949,0.00126,0.00002
"Latin America and Caribbean",2015,15,19,"M",42457,7.60705,0,0.00555,0.00559,0.04717,0.0351,0.015,0.05913,0.09059,0.40504,0.05983,0.03714,0.16766,0.07111,0.0011,0
"Latin America and Caribbean",2016,15,19,"M",42166,7.59228,0,0.00552,0.00579,0.04739,0.03339,0.01422,0.05572,0.09217,0.41329,0.06227,0.03649,0.16421,0.06754,0.00198,0.00002
"Latin America and Caribbean",2017,15,19,"M",41759,7.55835,0,0.00483,0.00513,0.04593,0.03275,0.01454,0.05333,0.09361,0.42396,0.06306,0.03423,0.1552,0.07221,0.00119,0.00003
"Latin America and Caribbean",2018,15,19,"M",41172,7.49285,0,0.00499,0.00544,0.0473,0.03365,0.01494,0.05627,0.09288,0.4118,0.06268,0.036,0.1621,0.07021,0.00172,0.00001
"Latin America and Caribbean",2019,15,19,"M",40408,7.39632,0,0.00501,0.00548,0.04783,0.0339,0.01494,0.05686,0.09328,0.40908,0.0633,0.03592,0.16289,0.07022,0.00128,0.00001
"Middle East and North Africa",2000,15,19,"F",12560,3.53531,0.04072,0.00053,0.02057,0.12009,0.06384,0.04097,0.09965,0.28889,0.07207,0.13967,0.01536,0.04953,0.0417,0.00015,0.00627
"Middle East and North Africa",2001,15,19,"F",12500,3.44122,0.04045,0.00063,0.01993,0.11628,0.06274,0.0403,0.10176,0.29066,0.0733,0.13859,0.01497,0.05061,0.04079,0.0029,0.0061
"Middle East and North Africa",2002,15,19,"F",12491,3.37347,0.04031,0.00066,0.02032,0.11159,0.06244,0.03968,0.10407,0.29227,0.07352,0.13779,0.01477,0.05147,0.04054,0.00141,0.00917
"Middle East and North Africa",2003,15,19,"F",15071,4.01192,0.03314,0.00061,0.01726,0.08834,0.05089,0.03208,0.08729,0.24191,0.06091,0.11286,0.01202,0.04327,0.03299,0.07111,0.11532
"Middle East and North Africa",2004,15,19,"F",13718,3.61787,0.03602,0.00069,0.01782,0.09476,0.05457,0.03464,0.09628,0.26504,0.06544,0.12256,0.01274,0.04791,0.03555,0.0018,0.11418
"Middle East and North Africa",2005,15,19,"F",13691,3.59128,0.03544,0.00072,0.01758,0.09059,0.0535,0.03358,0.09512,0.26224,0.0653,0.12088,0.01247,0.04792,0.0345,0.00212,0.12804
"Middle East and North Africa",2006,15,19,"F",14356,3.75865,0.03245,0.00071,0.01603,0.08232,0.04889,0.03112,0.08803,0.24449,0.06023,0.11183,0.01123,0.04488,0.03187,0.00028,0.19565
"Middle East and North Africa",2007,15,19,"F",13451,3.53095,0.03292,0.00079,0.01567,0.08366,0.04985,0.03194,0.09112,0.25274,0.06178,0.11499,0.01135,0.04611,0.03222,0.00054,0.17432
"Middle East and North Africa",2008,15,19,"F",11831,3.12414,0.03758,0.00093,0.01693,0.09099,0.0548,0.0356,0.10196,0.2822,0.06946,0.12702,0.01241,0.05167,0.03564,0.00084,0.08197
"Middle East and North Africa",2009,15,19,"F",11155,2.97002,0.04005,0.00094,0.01643,0.09263,0.05635,0.03655,0.10595,0.29307,0.07329,0.13025,0.01265,0.05426,0.03669,0.00059,0.05029
"Middle East and North Africa",2010,15,19,"F",10751,2.88852,0.04207,0.00104,0.01575,0.0917,0.05637,0.03685,0.10817,0.29749,0.07577,0.13145,0.01281,0.05603,0.03663,0.00039,0.03748
"Middle East and North Africa",2011,15,19,"F",10796,2.93019,0.04175,0.0011,0.01541,0.08499,0.05358,0.03523,0.10455,0.28738,0.07468,0.12542,0.01188,0.05463,0.03475,0.00006,0.07458
"Middle East and North Africa",2012,15,19,"F",11230,3.08338,0.04032,0.00119,0.0134,0.07976,0.05043,0.0336,0.09861,0.27036,0.07091,0.1178,0.01106,0.05227,0.03277,0.00098,0.12654
"Middle East and North Africa",2013,15,19,"F",11384,3.1638,0.03895,0.00101,0.01232,0.07494,0.04767,0.03178,0.09459,0.25923,0.06813,0.11226,0.01037,0.05086,0.03073,0.00034,0.16681
"Middle East and North Africa",2014,15,19,"F",12533,3.52171,0.03481,0.00095,0.01227,0.0652,0.04227,0.02839,0.08452,0.23177,0.06022,0.1002,0.00904,0.04579,0.02714,0.00018,0.25725
"Middle East and North Africa",2015,15,19,"F",12346,3.49949,0.03427,0.001,0.01506,0.06141,0.04158,0.02827,0.08311,0.23247,0.0595,0.09982,0.00887,0.04584,0.02711,0,0.26168
"Middle East and North Africa",2016,15,19,"F",12352,3.51956,0.03361,0.00118,0.01336,0.06132,0.04092,0.02777,0.08221,0.23147,0.05888,0.09873,0.00865,0.0454,0.02658,0.00011,0.26982
"Middle East and North Africa",2017,15,19,"F",11676,3.33194,0.03516,0.0014,0.01402,0.06362,0.04309,0.02924,0.08702,0.2456,0.06227,0.10426,0.00908,0.04808,0.02802,0.00013,0.22899
"Middle East and North Africa",2018,15,19,"F",11100,3.16188,0.03709,0.00129,0.01498,0.06651,0.04519,0.0308,0.09173,0.26204,0.06653,0.11023,0.00946,0.05113,0.02948,0.00018,0.18335
"Middle East and North Africa",2019,15,19,"F",10957,3.105,0.03766,0.00133,0.01486,0.06719,0.04576,0.0313,0.09328,0.26771,0.06807,0.11216,0.00954,0.05229,0.02991,0.00017,0.16876
"Middle East and North Africa",2000,15,19,"M",20917,5.6644,0,0.00031,0.01499,0.15564,0.05711,0.03321,0.07052,0.1266,0.21081,0.06117,0.05944,0.12998,0.06678,0.00016,0.01327
"Middle East and North Africa",2001,15,19,"M",21049,5.57371,0,0.00036,0.01468,0.15502,0.0564,0.0334,0.07072,0.12662,0.21252,0.06075,0.05856,0.1304,0.06536,0.00316,0.01203
"Middle East and North Africa",2002,15,19,"M",21199,5.50676,0,0.00037,0.01498,0.15453,0.05611,0.0336,0.07113,0.12684,0.21361,0.05997,0.0573,0.13057,0.06474,0.00135,0.01489
"Middle East and North Africa",2003,15,19,"M",26119,6.67477,0,0.00035,0.01283,0.12618,0.04617,0.02781,0.05863,0.10466,0.17728,0.04916,0.04645,0.10653,0.05271,0.06632,0.1249
"Middle East and North Africa",2004,15,19,"M",24048,6.0813,0,0.00039,0.01346,0.13691,0.04945,0.03015,0.06342,0.11338,0.19362,0.05365,0.04938,0.11529,0.05616,0.00154,0.1232
"Middle East and North Africa",2005,15,19,"M",24514,6.16568,0,0.00039,0.0132,0.1333,0.04825,0.02942,0.06189,0.1113,0.19201,0.0532,0.04794,0.11284,0.0544,0.00182,0.14005
"Middle East and North Africa",2006,15,19,"M",26767,6.69642,0,0.00038,0.01181,0.1219,0.04402,0.02695,0.05695,0.10235,0.18088,0.04879,0.04316,0.10306,0.04958,0.00024,0.20992
"Middle East and North Africa",2007,15,19,"M",25881,6.48606,0,0.00041,0.01149,0.1252,0.0454,0.02765,0.05927,0.10614,0.19029,0.05033,0.04397,0.10575,0.05073,0.00053,0.18284
"Middle East and North Africa",2008,15,19,"M",22985,5.80694,0,0.00047,0.01242,0.13784,0.0505,0.03055,0.06647,0.11907,0.21574,0.05651,0.0483,0.11804,0.05591,0.00076,0.08741
"Middle East and North Africa",2009,15,19,"M",21774,5.56277,0,0.00047,0.01224,0.14039,0.05244,0.03097,0.0697,0.12565,0.22462,0.0584,0.04952,0.12369,0.05686,0.00055,0.05453
"Middle East and North Africa",2010,15,19,"M",20968,5.42036,0,0.00052,0.01191,0.13919,0.05329,0.03063,0.07255,0.12913,0.22954,0.0596,0.04964,0.12684,0.05644,0.00036,0.04038
"Middle East and North Africa",2011,15,19,"M",21656,5.64851,0,0.00059,0.01119,0.12507,0.04934,0.02756,0.06825,0.12274,0.21855,0.05579,0.04558,0.12022,0.05178,0.00006,0.10327
"Middle East and North Africa",2012,15,19,"M",27064,7.12256,0,0.00051,0.00825,0.09617,0.03862,0.02089,0.0542,0.09788,0.17066,0.0439,0.03507,0.09464,0.03951,0.00068,0.29902
"Middle East and North Africa",2013,15,19,"M",29605,7.86828,0,0.00048,0.00706,0.08321,0.03409,0.01779,0.04863,0.08727,0.14928,0.03903,0.03016,0.08455,0.03367,0.00023,0.38457
"Middle East and North Africa",2014,15,19,"M",32334,8.67822,0,0.00039,0.00687,0.07326,0.03044,0.0156,0.04416,0.07946,0.12867,0.03558,0.02628,0.07553,0.02997,0.00013,0.45367
"Middle East and North Africa",2015,15,19,"M",29071,7.88037,0,0.00044,0.00851,0.07742,0.03302,0.01668,0.04829,0.08817,0.13443,0.03944,0.02777,0.08236,0.03183,0,0.41164
"Middle East and North Africa",2016,15,19,"M",28306,7.68052,0,0.00053,0.00789,0.07942,0.03384,0.01688,0.04994,0.09155,0.13457,0.04095,0.0277,0.08547,0.03227,0.00009,0.39888
"Middle East and North Africa",2017,15,19,"M",25798,7.00349,0,0.00062,0.00849,0.08766,0.03778,0.01863,0.05562,0.10253,0.14488,0.04572,0.0296,0.09516,0.03514,0.00011,0.33805
"Middle East and North Africa",2018,15,19,"M",22772,6.17042,0,0.00066,0.00969,0.10233,0.04365,0.02139,0.06445,0.11951,0.16144,0.05245,0.0333,0.1104,0.0399,0.00016,0.24067
"Middle East and North Africa",2019,15,19,"M",21520,5.80351,0,0.00072,0.00997,0.10907,0.0467,0.0226,0.06926,0.12872,0.16794,0.05605,0.03484,0.11862,0.04196,0.00016,0.1934
"North America",2000,15,19,"F",4192,1.95229,0.00485,0.00408,0,0.02649,0.04988,0.00816,0.0906,0.18147,0.07326,0.07477,0.0084,0.42935,0.048,0.0007,0
"North America",2001,15,19,"F",4233,1.9358,0.00955,0.00569,0.00026,0.03261,0.04327,0.00961,0.08866,0.19464,0.06656,0.07622,0.00748,0.42061,0.04461,0.00024,0
"North America",2002,15,19,"F",4273,1.92405,0.00681,0.00511,0,0.03127,0.0403,0.01148,0.08515,0.18138,0.06956,0.06651,0.00836,0.45101,0.04214,0.00094,0
"North America",2003,15,19,"F",4306,1.91245,0.00677,0.00452,0.0005,0.02788,0.05234,0.01106,0.07626,0.19684,0.0631,0.07625,0.00498,0.44129,0.03747,0.00073,0
"North America",2004,15,19,"F",4323,1.89628,0.0091,0.00405,0,0.02329,0.03788,0.01218,0.08393,0.19178,0.07009,0.09381,0.00747,0.42693,0.03926,0.00023,0
"North America",2005,15,19,"F",4305,1.8652,0.01086,0.0043,0.00076,0.02595,0.04453,0.01256,0.08548,0.18684,0.06556,0.08969,0.00791,0.42187,0.04297,0.00073,0
"North America",2006,15,19,"F",4210,1.80878,0.00851,0.00425,0.00025,0.02993,0.04409,0.00878,0.07869,0.20213,0.07516,0.07984,0.0077,0.41513,0.04505,0.00049,0
"North America",2007,15,19,"F",4052,1.7256,0.012,0.00482,0,0.02874,0.04192,0.01228,0.08103,0.20799,0.07395,0.0774,0.01056,0.40603,0.04179,0.00147,0
"North America",2008,15,19,"F",3858,1.62911,0.01165,0.00555,0.00082,0.02823,0.04632,0.01164,0.08718,0.21529,0.07785,0.1026,0.00692,0.35786,0.04781,0.00027,0
"North America",2009,15,19,"F",3648,1.53367,0.01659,0.00393,0.00028,0.04104,0.04115,0.00899,0.08934,0.22414,0.07858,0.10954,0.0079,0.33675,0.04149,0.00028,0
"North America",2010,15,19,"F",3449,1.44981,0.01341,0.00311,0.00063,0.02792,0.04434,0.01215,0.08713,0.23834,0.07876,0.11595,0.00898,0.31391,0.05478,0.0006,0
"North America",2011,15,19,"F",3302,1.38519,0.01097,0.00407,0,0.02755,0.04563,0.01158,0.09518,0.24404,0.07674,0.13121,0.00733,0.30385,0.0391,0.00275,0
"North America",2012,15,19,"F",3194,1.34563,0.01216,0.00197,0,0.02527,0.04557,0.01047,0.09361,0.23662,0.06871,0.14865,0.00784,0.3073,0.0415,0.00031,0
"North America",2013,15,19,"F",3135,1.33257,0.01414,0,0,0.03007,0.04904,0.0107,0.10432,0.23825,0.05884,0.15502,0.0107,0.28814,0.03978,0.001,0
"North America",2014,15,19,"F",3139,1.34861,0.01078,0.001,0,0.02795,0.05009,0.01315,0.10201,0.25077,0.06625,0.1609,0.00562,0.26883,0.04165,0.00099,0
"North America",2015,15,19,"F",3199,1.38807,0.01319,0.00063,0,0.02836,0.04445,0.0105,0.08927,0.24603,0.06691,0.17968,0.00825,0.27506,0.03768,0,0
"North America",2016,15,19,"F",3309,1.44132,0.00743,0.00123,0.00038,0.02487,0.04453,0.01214,0.0793,0.24677,0.08243,0.17453,0.0075,0.28501,0.03357,0.0003,0
"North America",2017,15,19,"F",3424,1.49603,0.00875,0.00032,0.00094,0.0253,0.04303,0.01093,0.08311,0.24007,0.0763,0.18971,0.00607,0.27311,0.04116,0.00122,0
"North America",2018,15,19,"F",3517,1.53976,0.00984,0.00073,0.00042,0.02619,0.04407,0.01118,0.08381,0.24405,0.07555,0.1807,0.00728,0.27835,0.03734,0.0005,0
"North America",2019,15,19,"F",3555,1.55943,0.00985,0.00073,0.00042,0.02619,0.04409,0.01118,0.0838,0.24396,0.07563,0.18053,0.00728,0.27852,0.03732,0.00051,0
"North America",2000,15,19,"M",10414,4.59803,0,0.0021,0.00021,0.01426,0.03122,0.00482,0.05425,0.11816,0.15785,0.14679,0.03485,0.35485,0.07996,0.00068,0
"North America",2001,15,19,"M",10432,4.52458,0,0.00223,0.00053,0.01552,0.03016,0.00478,0.05535,0.1297,0.15893,0.1431,0.03091,0.3555,0.07251,0.00077,0
"North America",2002,15,19,"M",10503,4.48303,0,0.00173,0,0.01342,0.03418,0.0044,0.04941,0.12736,0.15565,0.13781,0.02991,0.3739,0.07116,0.00107,0
"North America",2003,15,19,"M",10597,4.45615,0,0.00156,0.0001,0.01654,0.03278,0.00688,0.05368,0.13631,0.16526,0.13337,0.0273,0.35938,0.06577,0.00106,0
"North America",2004,15,19,"M",10689,4.4296,0,0.00154,0.0001,0.01302,0.03038,0.0046,0.05171,0.14342,0.16189,0.14609,0.02847,0.35156,0.0662,0.00103,0
"North America",2005,15,19,"M",10710,4.37507,0,0.00111,0.0003,0.01487,0.0331,0.00464,0.05119,0.15056,0.17632,0.13762,0.02873,0.32741,0.0732,0.00096,0
"North America",2006,15,19,"M",10496,4.26223,0,0.00227,0.00044,0.01316,0.03021,0.00501,0.04843,0.14834,0.19345,0.13051,0.02821,0.33032,0.06841,0.00106,0.00019
"North America",2007,15,19,"M",10128,4.08362,0,0.00155,0,0.01139,0.03049,0.0062,0.04699,0.1553,0.19604,0.13332,0.02944,0.32217,0.0656,0.00151,0
"North America",2008,15,19,"M",9661,3.868,0,0.001,0.00011,0.01347,0.03361,0.00574,0.05326,0.16981,0.19558,0.14988,0.02925,0.28112,0.06548,0.00158,0.0001
"North America",2009,15,19,"M",9152,3.64677,0,0.00109,0.00024,0.02314,0.03509,0.00654,0.05295,0.16619,0.19462,0.16728,0.03051,0.26201,0.0601,0.00023,0
"North America",2010,15,19,"M",8655,3.44523,0,0.00161,0,0.01249,0.03912,0.0068,0.05342,0.16525,0.19314,0.17427,0.03437,0.25313,0.06594,0.00048,0
"North America",2011,15,19,"M",8243,3.28253,0,0.00051,0,0.01356,0.03487,0.00592,0.05797,0.17378,0.1812,0.19372,0.02916,0.24836,0.06021,0.00074,0
"North America",2012,15,19,"M",7926,3.17631,0,0.00081,0,0.01256,0.03304,0.00729,0.05863,0.16575,0.18388,0.19826,0.03222,0.24532,0.06121,0.00103,0
"North America",2013,15,19,"M",7730,3.13278,0,0.00044,0.00015,0.01867,0.03618,0.00762,0.06235,0.17133,0.17544,0.20168,0.03185,0.23305,0.06082,0.00041,0
"North America",2014,15,19,"M",7697,3.15817,0,0.00071,0.00014,0.01427,0.03303,0.00459,0.05896,0.16466,0.16754,0.21398,0.0338,0.2477,0.05993,0.00068,0
"North America",2015,15,19,"M",7803,3.23779,0,0.00027,0.00013,0.0165,0.03132,0.00627,0.05558,0.16414,0.18192,0.22083,0.02757,0.23818,0.05703,0.00026,0
"North America",2016,15,19,"M",8024,3.34633,0,0.00013,0.00033,0.0114,0.03016,0.00669,0.05892,0.17907,0.19165,0.21136,0.02946,0.2224,0.05781,0.00061,0
"North America",2017,15,19,"M",8246,3.4529,0,0.00025,0,0.01351,0.03301,0.00453,0.04844,0.15623,0.19656,0.25153,0.02544,0.21661,0.05329,0.0006,0
"North America",2018,15,19,"M",8399,3.52659,0,0.00022,0.00014,0.01377,0.03158,0.00584,0.05401,0.16625,0.19076,0.22751,0.02751,0.22594,0.05596,0.00049,0
"North America",2019,15,19,"M",8407,3.53692,0,0.00022,0.00014,0.01377,0.0316,0.00584,0.05393,0.16617,0.19095,0.22742,0.02751,0.22602,0.05594,0.00049,0
"South Asia",2000,15,19,"F",125599,8.99767,0.06143,0.00108,0.18005,0.05275,0.07855,0.09288,0.04955,0.1689,0.01655,0.14835,0.02123,0.02273,0.10224,0.00057,0.00311
"South Asia",2001,15,19,"F",124070,8.73603,0.06002,0.00109,0.17555,0.04849,0.07754,0.09077,0.05081,0.17316,0.01722,0.15082,0.0215,0.02295,0.10223,0.00537,0.00247
"South Asia",2002,15,19,"F",122979,8.52407,0.05892,0.00105,0.17243,0.04653,0.07676,0.0892,0.05219,0.17745,0.01805,0.15374,0.02183,0.02346,0.10295,0.0005,0.00495
"South Asia",2003,15,19,"F",121165,8.27957,0.05799,0.00105,0.16885,0.04612,0.07594,0.08772,0.05351,0.18112,0.01896,0.15652,0.02212,0.02412,0.10385,0.00039,0.00173
"South Asia",2004,15,19,"F",121447,8.19251,0.05616,0.00107,0.16101,0.04626,0.07371,0.08461,0.05377,0.18026,0.01962,0.15605,0.02195,0.02466,0.10287,0.01514,0.00287
"South Asia",2005,15,19,"F",118738,7.91953,0.05594,0.00127,0.15418,0.04761,0.07312,0.08256,0.05527,0.18223,0.02095,0.15912,0.02226,0.02614,0.10401,0.01347,0.00188
"South Asia",2006,15,19,"F",117252,7.7531,0.05658,0.00154,0.14668,0.04937,0.07347,0.08229,0.05748,0.18552,0.02247,0.16365,0.02273,0.0285,0.10608,0.00054,0.00309
"South Asia",2007,15,19,"F",115480,7.58118,0.05677,0.00184,0.138,0.04772,0.07294,0.08015,0.05924,0.18559,0.02418,0.16657,0.02297,0.03154,0.10691,0.00193,0.00367
"South Asia",2008,15,19,"F",113499,7.40398,0.05683,0.00196,0.12978,0.0451,0.07219,0.07771,0.061,0.18488,0.02617,0.16925,0.02318,0.03546,0.10757,0.00049,0.00844
"South Asia",2009,15,19,"F",110296,7.14748,0.05652,0.00182,0.12246,0.04187,0.07114,0.07508,0.06272,0.18412,0.02847,0.17205,0.02339,0.04017,0.1083,0.00053,0.01136
"South Asia",2010,15,19,"F",105707,6.80033,0.05605,0.00164,0.11825,0.03751,0.07027,0.073,0.06476,0.18538,0.031,0.17599,0.02374,0.04523,0.10939,0.00094,0.00685
"South Asia",2011,15,19,"F",101588,6.48767,0.05494,0.00154,0.11388,0.03403,0.06906,0.07101,0.06646,0.18731,0.03323,0.17924,0.024,0.04961,0.10958,0.00042,0.00569
"South Asia",2012,15,19,"F",97563,6.1802,0.05338,0.00156,0.10787,0.03251,0.06753,0.06891,0.06784,0.18968,0.03508,0.18176,0.02416,0.05291,0.10874,0.00048,0.00759
"South Asia",2013,15,19,"F",93932,5.90047,0.05178,0.00129,0.10181,0.03231,0.06609,0.0671,0.0691,0.19303,0.03652,0.18379,0.02427,0.05507,0.10728,0.00209,0.00849
"South Asia",2014,15,19,"F",90621,5.64808,0.05029,0.00099,0.09643,0.03214,0.06477,0.06522,0.07033,0.19678,0.03778,0.18542,0.02434,0.05656,0.10568,0.00077,0.01249
"South Asia",2015,15,19,"F",87901,5.44214,0.04884,0.00077,0.09032,0.03315,0.06343,0.0633,0.07123,0.1999,0.03873,0.1858,0.02427,0.05726,0.10374,0.00388,0.01538
"South Asia",2016,15,19,"F",84719,5.21468,0.04802,0.00061,0.08538,0.03454,0.06276,0.06197,0.07254,0.20418,0.0399,0.18699,0.02433,0.05806,0.1029,0.00054,0.01728
"South Asia",2017,15,19,"F",82149,5.0349,0.04748,0.00048,0.08101,0.03625,0.06231,0.06103,0.07366,0.20816,0.041,0.18763,0.02435,0.05861,0.10226,0.00102,0.01474
"South Asia",2018,15,19,"F",79481,4.85496,0.04733,0.00042,0.07779,0.03821,0.06224,0.06082,0.07476,0.21216,0.04195,0.18858,0.02443,0.0591,0.10228,0.00048,0.00945
"South Asia",2019,15,19,"F",77104,4.69388,0.04704,0.00036,0.07404,0.03998,0.06185,0.06032,0.0754,0.21451,0.0427,0.18875,0.02443,0.05943,0.10213,0.00027,0.00878
"South Asia",2000,15,19,"M",108206,7.13763,0,0.00081,0.17772,0.03697,0.08032,0.0721,0.05544,0.13514,0.06861,0.08276,0.04819,0.13302,0.09915,0.00115,0.00863
"South Asia",2001,15,19,"M",107441,6.96011,0,0.00084,0.17585,0.0346,0.07978,0.07193,0.05532,0.13494,0.06797,0.08263,0.04807,0.13275,0.09894,0.00999,0.00638
"South Asia",2002,15,19,"M",107032,6.82141,0,0.00084,0.17538,0.03459,0.08024,0.07258,0.05583,0.13624,0.06804,0.08346,0.04852,0.13398,0.0998,0.00112,0.00937
"South Asia",2003,15,19,"M",105877,6.64968,0,0.00088,0.1744,0.03516,0.08058,0.07307,0.05629,0.13723,0.06821,0.08415,0.04886,0.13505,0.10063,0.00082,0.00466
"South Asia",2004,15,19,"M",107575,6.66609,0,0.00096,0.16602,0.03684,0.07832,0.07111,0.05495,0.13365,0.06685,0.0821,0.04764,0.13173,0.09835,0.0258,0.0057
"South Asia",2005,15,19,"M",105417,6.45285,0,0.00126,0.16075,0.04008,0.0785,0.07154,0.0552,0.13445,0.06766,0.08266,0.04789,0.13249,0.0987,0.02412,0.0047
"South Asia",2006,15,19,"M",105387,6.38851,0,0.00162,0.15716,0.04577,0.07963,0.07251,0.05649,0.13642,0.07205,0.08416,0.04873,0.13513,0.10167,0.00108,0.00758
"South Asia",2007,15,19,"M",105428,6.33485,0,0.00205,0.15053,0.0487,0.07898,0.0719,0.05635,0.13544,0.07508,0.08374,0.04853,0.13454,0.10177,0.00379,0.00861
"South Asia",2008,15,19,"M",105739,6.30017,0,0.0023,0.14457,0.05147,0.07814,0.07101,0.05601,0.13395,0.0781,0.08304,0.04817,0.13345,0.10145,0.00093,0.01741
"South Asia",2009,15,19,"M",104781,6.1899,0,0.0023,0.13961,0.05298,0.07739,0.07029,0.05573,0.13273,0.08098,0.08248,0.04788,0.13259,0.10117,0.00101,0.02286
"South Asia",2010,15,19,"M",102070,5.97631,0,0.00228,0.13765,0.05424,0.07766,0.07049,0.05614,0.1333,0.08407,0.083,0.04822,0.1334,0.10205,0.00173,0.01577
"South Asia",2011,15,19,"M",100015,5.80651,0,0.00224,0.1353,0.05579,0.07763,0.07062,0.05652,0.13365,0.08624,0.08344,0.04843,0.13409,0.10297,0.00076,0.01231
"South Asia",2012,15,19,"M",97905,5.63374,0,0.00234,0.13064,0.05779,0.07692,0.07037,0.05654,0.13329,0.08697,0.08342,0.04835,0.13396,0.10312,0.00081,0.01546
"South Asia",2013,15,19,"M",96005,5.4746,0,0.00203,0.12493,0.06098,0.07588,0.07013,0.05659,0.13295,0.08725,0.08342,0.04827,0.13385,0.10329,0.00364,0.0168
"South Asia",2014,15,19,"M",94250,5.32833,0,0.00158,0.11933,0.06261,0.07471,0.07019,0.05683,0.13316,0.08768,0.08373,0.04838,0.13425,0.10381,0.00126,0.02249
"South Asia",2015,15,19,"M",92992,5.21611,0,0.00121,0.11253,0.06505,0.07321,0.06995,0.05687,0.13285,0.08771,0.08369,0.04831,0.13412,0.10391,0.00516,0.02542
"South Asia",2016,15,19,"M",90703,5.05536,0,0.00092,0.10694,0.06732,0.0724,0.07045,0.05749,0.13396,0.08866,0.08451,0.04876,0.13538,0.10507,0.0009,0.02725
"South Asia",2017,15,19,"M",88955,4.93254,0,0.00068,0.10199,0.07078,0.07178,0.07075,0.05789,0.13464,0.08916,0.08505,0.04904,0.13618,0.1058,0.00164,0.02463
"South Asia",2018,15,19,"M",86940,4.80047,0,0.00052,0.09889,0.07899,0.07237,0.07155,0.05872,0.13627,0.08996,0.08621,0.04968,0.13796,0.10721,0.00082,0.01086
"South Asia",2019,15,19,"M",85059,4.67967,0,0.00039,0.09552,0.08139,0.07218,0.07175,0.05895,0.13669,0.09032,0.08651,0.04985,0.13844,0.10765,0.00041,0.00995
"West and central Africa",2000,15,19,"F",46673,13.77661,0.06975,0.01752,0.0791,0.41133,0.08018,0.05524,0.0266,0.08204,0.01578,0.05946,0.00789,0.03483,0.05227,0.00004,0.00798
"West and central Africa",2001,15,19,"F",47167,13.60052,0.07042,0.01979,0.08009,0.39687,0.08089,0.05638,0.02756,0.08526,0.01655,0.06139,0.00814,0.03693,0.05388,0.00022,0.00563
"West and central Africa",2002,15,19,"F",47778,13.45134,0.07025,0.02206,0.08319,0.37832,0.0804,0.05697,0.02812,0.08701,0.01714,0.06245,0.00827,0.03876,0.05497,0.0002,0.01189
"West and central Africa",2003,15,19,"F",48423,13.30558,0.07072,0.02522,0.08278,0.36751,0.0807,0.05806,0.02893,0.08967,0.01769,0.06406,0.00848,0.0404,0.05609,0.00005,0.00964
"West and central Africa",2004,15,19,"F",48665,13.04729,0.0713,0.02832,0.08,0.36365,0.08113,0.05936,0.02976,0.0924,0.0181,0.06574,0.0087,0.04159,0.05702,0.00006,0.00287
"West and central Africa",2005,15,19,"F",49300,12.88815,0.07128,0.03082,0.07862,0.3589,0.08088,0.06014,0.03031,0.09417,0.01828,0.0668,0.00884,0.04234,0.05739,0.00004,0.0012
"West and central Africa",2006,15,19,"F",50018,12.78732,0.07092,0.03278,0.07576,0.35398,0.08035,0.06053,0.03076,0.09572,0.0183,0.06763,0.00893,0.04233,0.05718,0.00003,0.00479
"West and central Africa",2007,15,19,"F",50429,12.58878,0.07103,0.03453,0.07716,0.34793,0.08047,0.06108,0.03153,0.09808,0.01854,0.06907,0.00911,0.04232,0.05733,0.00017,0.00167
"West and central Africa",2008,15,19,"F",51148,12.45744,0.07084,0.0374,0.07515,0.34084,0.08047,0.06108,0.03235,0.10042,0.0189,0.07051,0.00927,0.04208,0.05735,0.00004,0.0033
"West and central Africa",2009,15,19,"F",52004,12.336,0.07084,0.03846,0.07216,0.33592,0.08082,0.06101,0.0334,0.10329,0.0195,0.07232,0.00947,0.04191,0.05756,0.00013,0.00322
"West and central Africa",2010,15,19,"F",52975,12.22945,0.07099,0.0391,0.07407,0.32586,0.08152,0.0609,0.03468,0.1067,0.02036,0.07451,0.00972,0.042,0.05802,0.00017,0.00139
"West and central Africa",2011,15,19,"F",53917,12.13689,0.07083,0.04059,0.07444,0.3144,0.08204,0.06054,0.03595,0.11006,0.02127,0.07662,0.00995,0.04219,0.05839,0.00011,0.00263
"West and central Africa",2012,15,19,"F",54957,12.04553,0.07066,0.04036,0.07529,0.30429,0.08254,0.06021,0.03719,0.11334,0.02217,0.07863,0.01017,0.04261,0.05877,0.00026,0.00351
"West and central Africa",2013,15,19,"F",56196,11.96951,0.07011,0.03894,0.07569,0.29443,0.08251,0.05973,0.03819,0.11603,0.02288,0.0802,0.01034,0.04305,0.05888,0.00005,0.00897
"West and central Africa",2014,15,19,"F",57592,11.91047,0.06919,0.03836,0.07784,0.28707,0.08196,0.05907,0.03893,0.11806,0.02327,0.08127,0.01045,0.04338,0.05854,0.00006,0.01254
"West and central Africa",2015,15,19,"F",57751,11.57845,0.0694,0.03762,0.08116,0.27326,0.08277,0.05965,0.0404,0.12219,0.02422,0.0839,0.01075,0.04532,0.05974,0.00002,0.00961
"West and central Africa",2016,15,19,"F",58322,11.35128,0.06907,0.03706,0.08155,0.26762,0.08277,0.05988,0.04152,0.12514,0.02502,0.08583,0.01096,0.04729,0.06064,0.00009,0.00555
"West and central Africa",2017,15,19,"F",58936,11.12272,0.06822,0.03505,0.08169,0.26047,0.08199,0.05973,0.04232,0.12714,0.02567,0.08712,0.0111,0.04896,0.06112,0.00085,0.00859
"West and central Africa",2018,15,19,"F",59316,10.84546,0.06772,0.03149,0.08033,0.2584,0.08142,0.05992,0.04319,0.12936,0.02633,0.08863,0.01127,0.05041,0.06179,0.00019,0.00955
"West and central Africa",2019,15,19,"F",59584,10.55219,0.06733,0.02874,0.08028,0.25529,0.08076,0.06026,0.04401,0.1314,0.02701,0.09012,0.01144,0.05184,0.06264,0,0.00887
"West and central Africa",2000,15,19,"M",49829,14.46219,0,0.00864,0.12408,0.27427,0.06005,0.04786,0.0449,0.09109,0.05498,0.06434,0.03643,0.10046,0.07607,0.00006,0.01676
"West and central Africa",2001,15,19,"M",50457,14.30341,0,0.01109,0.12439,0.27156,0.06056,0.04833,0.04533,0.09198,0.05551,0.06498,0.03678,0.10142,0.07678,0.00037,0.01093
"West and central Africa",2002,15,19,"M",51225,14.18125,0,0.01347,0.12875,0.25527,0.05998,0.04801,0.04502,0.09135,0.05537,0.06457,0.03654,0.10076,0.07629,0.00029,0.02435
"West and central Africa",2003,15,19,"M",52108,14.07246,0,0.01684,0.12794,0.25342,0.06062,0.04853,0.0455,0.09235,0.05599,0.06526,0.03692,0.10182,0.07708,0.00008,0.01764
"West and central Africa",2004,15,19,"M",52569,13.84257,0,0.02029,0.12335,0.25645,0.06153,0.04931,0.04622,0.09386,0.05699,0.06628,0.0375,0.10342,0.07829,0.0001,0.00641
"West and central Africa",2005,15,19,"M",53473,13.72004,0,0.02293,0.12095,0.25503,0.06197,0.04968,0.04657,0.09459,0.05741,0.06678,0.03779,0.1042,0.07889,0.00007,0.00314
"West and central Africa",2006,15,19,"M",54486,13.66183,0,0.02503,0.11596,0.25393,0.06194,0.04969,0.04658,0.09466,0.05736,0.0668,0.0378,0.10423,0.07891,0.00006,0.00703
"West and central Africa",2007,15,19,"M",55144,13.49765,0,0.0267,0.11602,0.25158,0.06231,0.05001,0.04688,0.09531,0.05756,0.06724,0.03804,0.1049,0.07942,0.00029,0.00374
"West and central Africa",2008,15,19,"M",56136,13.39461,0,0.02958,0.11184,0.24949,0.06225,0.05004,0.04692,0.09541,0.05751,0.0673,0.03807,0.10499,0.07949,0.00007,0.00704
"West and central Africa",2009,15,19,"M",57226,13.29795,0,0.03086,0.10836,0.24946,0.06223,0.0501,0.04699,0.09558,0.05753,0.06741,0.03812,0.10513,0.0796,0.00022,0.00842
"West and central Africa",2010,15,19,"M",58435,13.20807,0,0.03177,0.11182,0.24628,0.06261,0.05042,0.0473,0.09626,0.05789,0.06786,0.03837,0.10582,0.08014,0.00027,0.00319
"West and central Africa",2011,15,19,"M",59572,13.12484,0,0.03373,0.11138,0.24173,0.06248,0.05045,0.04733,0.09639,0.05804,0.06793,0.03839,0.1059,0.08021,0.00018,0.00585
"West and central Africa",2012,15,19,"M",60824,13.04523,0,0.03649,0.11234,0.23418,0.0624,0.05057,0.04745,0.09668,0.05846,0.0681,0.03849,0.10615,0.08043,0.00042,0.00784
"West and central Africa",2013,15,19,"M",62327,12.99101,0,0.038,0.11266,0.22551,0.06193,0.05042,0.04733,0.09649,0.05868,0.06792,0.03838,0.10587,0.08025,0.00008,0.01647
"West and central Africa",2014,15,19,"M",63966,12.9389,0,0.03881,0.11521,0.21848,0.06107,0.05005,0.04699,0.09589,0.0588,0.06743,0.0381,0.10509,0.07969,0.00009,0.02429
"West and central Africa",2015,15,19,"M",64366,12.61739,0,0.03842,0.12066,0.20646,0.06184,0.05087,0.04779,0.09754,0.06037,0.06859,0.03874,0.10688,0.0811,0.00002,0.02071
"West and central Africa",2016,15,19,"M",65250,12.41154,0,0.03717,0.12271,0.20625,0.06259,0.0515,0.04842,0.09878,0.06177,0.06948,0.03925,0.10826,0.08221,0.00015,0.01147
"West and central Africa",2017,15,19,"M",66257,12.21304,0,0.03466,0.1233,0.20434,0.06241,0.05123,0.0482,0.0983,0.06204,0.06917,0.03907,0.10775,0.08188,0.00113,0.01653
"West and central Africa",2018,15,19,"M",67023,11.96124,0,0.03244,0.12236,0.20707,0.06257,0.05109,0.04809,0.09806,0.06221,0.06902,0.03898,0.10751,0.08173,0.00029,0.01856
"West and central Africa",2019,15,19,"M",67664,11.69086,0,0.03041,0.12241,0.20933,0.06294,0.05113,0.04815,0.09814,0.06254,0.0691,0.03902,0.10763,0.08185,0,0.01736
"Western Europe",2000,15,19,"F",3941,1.37069,0.00286,0.00166,0.00053,0.04705,0.04584,0.01145,0.14062,0.21292,0.02581,0.10883,0.00776,0.32813,0.06579,0.00076,0
"Western Europe",2001,15,19,"F",3825,1.33108,0.00218,0.00176,0.00142,0.04849,0.05284,0.0129,0.15422,0.22355,0.02583,0.08789,0.01177,0.31754,0.05903,0.00058,0
"Western Europe",2002,15,19,"F",3683,1.28393,0.00254,0.00057,0.00114,0.04569,0.05467,0.01391,0.14281,0.227,0.02714,0.09775,0.01022,0.32039,0.05567,0.00051,0
"Western Europe",2003,15,19,"F",3522,1.23319,0.00278,0.00248,0.00062,0.04214,0.04818,0.01296,0.14973,0.22755,0.02664,0.10391,0.01226,0.3068,0.06305,0.0009,0
"Western Europe",2004,15,19,"F",3358,1.18393,0.00275,0.00262,0.00056,0.03796,0.06418,0.01044,0.15936,0.23323,0.02549,0.10476,0.00883,0.28053,0.06434,0.00495,0
"Western Europe",2005,15,19,"F",3209,1.13998,0.00154,0.00311,0.00064,0.04235,0.05073,0.0164,0.14486,0.24883,0.0234,0.10451,0.01014,0.29489,0.058,0.00061,0
"Western Europe",2006,15,19,"F",3089,1.10144,0.00309,0.00295,0.00135,0.04725,0.06432,0.01354,0.1588,0.2257,0.02162,0.10592,0.00957,0.28125,0.06392,0.00071,0
"Western Europe",2007,15,19,"F",2972,1.06718,0.00146,0.00075,0.00075,0.04093,0.05751,0.01104,0.16059,0.23987,0.02574,0.10304,0.01119,0.28386,0.06223,0.00105,0
"Western Europe",2008,15,19,"F",2858,1.0337,0.00394,0.00137,0.00096,0.04472,0.04841,0.01394,0.16204,0.23972,0.02086,0.12513,0.01178,0.26002,0.06649,0.00062,0
"Western Europe",2009,15,19,"F",2727,0.99758,0.00252,0.00141,0.00069,0.05727,0.05867,0.00984,0.14384,0.26648,0.02957,0.12099,0.00862,0.23076,0.06667,0.00268,0
"Western Europe",2010,15,19,"F",2588,0.95783,0.0039,0.00072,0.00076,0.04812,0.05771,0.017,0.18265,0.24771,0.02181,0.12159,0.0093,0.21949,0.06924,0,0
"Western Europe",2011,15,19,"F",2442,0.91487,0.00266,0.00035,0.00043,0.05198,0.06262,0.01529,0.18002,0.25542,0.02915,0.13189,0.01117,0.20394,0.05433,0.00074,0
"Western Europe",2012,15,19,"F",2307,0.87427,0.00336,0.00186,0.00052,0.03883,0.06495,0.01278,0.17404,0.27705,0.02401,0.1314,0.00755,0.20391,0.05926,0.0005,0
"Western Europe",2013,15,19,"F",2185,0.8379,0.00157,0,0,0.05133,0.05249,0.01467,0.1805,0.27975,0.02084,0.14614,0.01355,0.18009,0.05907,0,0
"Western Europe",2014,15,19,"F",2081,0.80732,0.0019,0.00167,0.0011,0.04709,0.0584,0.01092,0.18066,0.25501,0.01743,0.15949,0.01138,0.18822,0.06397,0,0.00273
"Western Europe",2015,15,19,"F",1996,0.78484,0.00204,0.00167,0,0.04259,0.05639,0.01249,0.17273,0.29965,0.03042,0.14733,0.01072,0.16387,0.05967,0.00043,0
"Western Europe",2016,15,19,"F",1949,0.77109,0.00109,0.00131,0.0006,0.04252,0.05772,0.01465,0.18907,0.2791,0.01506,0.16549,0.00631,0.16455,0.06035,0.00219,0
"Western Europe",2017,15,19,"F",1928,0.76662,0.00248,0.0012,0.00021,0.04841,0.05824,0.01396,0.16944,0.28214,0.01936,0.16673,0.01143,0.15977,0.0647,0.00193,0
"Western Europe",2018,15,19,"F",1921,0.76713,0.00176,0.00162,0.00021,0.04494,0.05743,0.01358,0.17741,0.28323,0.02178,0.16234,0.00936,0.16364,0.06143,0.00126,0
"Western Europe",2019,15,19,"F",1917,0.76824,0.00177,0.00163,0.00022,0.04495,0.05762,0.01374,0.17646,0.28445,0.02174,0.16138,0.00935,0.16376,0.0617,0.00125,0
"Western Europe",2000,15,19,"M",9976,3.31151,0,0.00174,0.00023,0.0234,0.03639,0.00692,0.10135,0.14579,0.01738,0.13836,0.02588,0.40384,0.09796,0.00075,0
"Western Europe",2001,15,19,"M",9624,3.19698,0,0.00135,0.00004,0.02155,0.0381,0.00524,0.09173,0.15812,0.02388,0.13768,0.03153,0.39957,0.08954,0.00167,0
"Western Europe",2002,15,19,"M",9221,3.07041,0,0.00102,0.00073,0.02342,0.04048,0.00654,0.09401,0.15404,0.02258,0.13782,0.0315,0.39798,0.08888,0.001,0
"Western Europe",2003,15,19,"M",8798,2.93961,0,0.00106,0.00012,0.02157,0.04181,0.00863,0.09166,0.15566,0.02211,0.13883,0.03118,0.39006,0.09586,0.00145,0
"Western Europe",2004,15,19,"M",8377,2.81516,0,0.00074,0.00062,0.02118,0.04204,0.00631,0.09966,0.15227,0.02688,0.14688,0.02921,0.37897,0.09204,0.0032,0
"Western Europe",2005,15,19,"M",7984,2.70152,0,0.00107,0.00002,0.02529,0.04141,0.00741,0.09895,0.16175,0.0253,0.14221,0.02912,0.37454,0.09107,0.00186,0
"Western Europe",2006,15,19,"M",7639,2.59705,0,0.0014,0.0003,0.02338,0.04636,0.00692,0.10131,0.16406,0.02184,0.1468,0.02883,0.35999,0.09763,0.00119,0
"Western Europe",2007,15,19,"M",7290,2.49614,0,0.00061,0.00027,0.02468,0.04115,0.00853,0.09907,0.16511,0.02478,0.13646,0.03392,0.36201,0.10263,0.00078,0
"Western Europe",2008,15,19,"M",6931,2.39105,0,0.001,0.00039,0.02346,0.04138,0.00893,0.10817,0.16701,0.02712,0.15481,0.02999,0.34241,0.09474,0.00058,0
"Western Europe",2009,15,19,"M",6532,2.27516,0,0.00083,0.00034,0.02571,0.04193,0.0085,0.10352,0.17572,0.02266,0.1662,0.03564,0.32315,0.09318,0.00239,0.00025
"Western Europe",2010,15,19,"M",6098,2.14773,0,0.00019,0,0.02783,0.04267,0.01008,0.118,0.1832,0.02377,0.16961,0.03819,0.29465,0.09114,0.00068,0
"Western Europe",2011,15,19,"M",5671,2.01745,0,0.00041,0.001,0.02854,0.04456,0.00737,0.11237,0.18261,0.03048,0.17342,0.03289,0.29366,0.09182,0.00087,0
"Western Europe",2012,15,19,"M",5270,1.8981,0,0.00019,0.00019,0.02137,0.04397,0.00843,0.11932,0.20212,0.0214,0.18627,0.03485,0.26965,0.09062,0.0014,0.00022
"Western Europe",2013,15,19,"M",4930,1.7962,0,0,0.00065,0.02829,0.04439,0.01084,0.11196,0.19807,0.02393,0.19261,0.05064,0.24628,0.09013,0.00222,0
"Western Europe",2014,15,19,"M",4658,1.71652,0,0.00057,0.00053,0.02316,0.04565,0.00515,0.12618,0.19143,0.02429,0.2047,0.03474,0.24768,0.09218,0.00046,0.00329
"Western Europe",2015,15,19,"M",4463,1.6622,0,0.00075,0.00021,0.02834,0.04636,0.01166,0.12776,0.20323,0.02362,0.19394,0.03722,0.23274,0.09272,0.00145,0
"Western Europe",2016,15,19,"M",4353,1.63133,0,0,0.0011,0.03002,0.05062,0.00853,0.12413,0.20957,0.02456,0.19204,0.03907,0.23193,0.088,0.00044,0
"Western Europe",2017,15,19,"M",4301,1.62106,0,0.0002,0.00054,0.02841,0.0424,0.00678,0.126,0.20733,0.024,0.20031,0.03608,0.23006,0.09734,0.00056,0
"Western Europe",2018,15,19,"M",4281,1.61963,0,0.00036,0.00046,0.02863,0.04615,0.00837,0.12677,0.20872,0.02415,0.19239,0.03634,0.23261,0.09433,0.00071,0
"Western Europe",2019,15,19,"M",4261,1.61535,0,0.00036,0.00054,0.02856,0.04668,0.00851,0.12789,0.20779,0.02422,0.19272,0.03626,0.23231,0.09346,0.0007,0
